preds,ground,Yes/No
"A,C,B","A,B",no
"A,B","A,B",yes
"A,B","A,B",yes
"A,B","A,B",yes
"A,B","A,B",yes
"A,B","A,B",yes
"A,B","A,B",yes
"A,B","A,B",yes
"A,B","A,B",yes
"A,B","A,B",yes
"A,B","A,B",yes
"A,B","A,B",yes
"A,B","A,B",yes
"A,B","A,B",yes
"A,B","A,B",yes
"A,B","A,B",yes
"A,B","A,B",yes
"A,B","A,B",yes
"A,B","A,B",yes
"A,B","A,B",yes
"A,B","A,B",yes
"A,B","A,B",yes
"A,B","A,B",yes
"A,B","A,B",yes
"A,B","A,B",yes
"A,B","A,B",yes
"A,B","A,B",yes
"A,B","A,B",yes
"A,B","A,B",yes
"A,B","A,B",yes
"A,B","A,B",yes
"A,B","A,B",yes
"A,B","A,B",yes
"A,B","A,B",yes
"A,B","A,B",yes
"A,B","A,B",yes
"A,B","A,B",yes
"A,B","A,B",yes
"A,B","A,B",yes
"A,B","A,B",yes
"A,B","A,B",yes
"A,B","A,B",yes
"A,B","A,B",yes
"A,B","A,B",yes
"A,B","A,B",yes
"A,B","A,B",yes
"A,B","A,B",yes
"A,B","A,B",yes
"A,B","A,B",yes
"A,B","A,B",yes
"A,B","A,B",yes
"A,B","A,B",yes
"A,B","A,B",yes
"A,B","A,B",yes
"A,B","A,B",yes
"A,B","A,B",yes
"A,B","A,B",yes
"A,B","A,B",yes
"A,B","A,B",yes
"A,B","A,B",yes
"A,B","A,B",yes
"A,B","A,B",yes
"A,B","A,B",yes
"A,B","A,B",yes
"A,B","A,B",yes
"A,B","A,B",yes
"A,B","A,B",yes
"A,B","A,B",yes
"A,B","A,B",yes
"A,B","A,B",yes
"A,B","A,B",yes
"A,B","A,B",yes
"A,B","A,B",yes
"A,B","A,B",yes
"A,B","A,B",yes
"A,B","A,B",yes
"A,B","A,B",yes
"A,B","A,B",yes
"A,B","A,B",yes
"A,B","A,B",yes
"A,B","A,B",yes
"A,B","A,B",yes
"A,B","A,B",yes
"A,B","A,B",yes
"A,B","A,B",yes
"A,B","A,B",yes
"A,B","A,B",yes
"A,B","A,B",yes
"A,B","A,B",yes
"A,B","A,B",yes
"A,B","A,B",yes
"A,B","A,B",yes
"A,B","A,B",yes
"A,B","A,B",yes
"A,B","A,B",yes
"A,B","A,B",yes
"A,B","A,B",yes
"A,B","A,B",yes
"A,B","A,B",yes
"A,B","A,B",yes
"A,B","A,B",yes
"A,B","A,B",yes
"A,B","A,B",yes
"A,B","A,B",yes
"A,B","A,B",yes
"A,B","A,B",yes
"A,B","A,B",yes
"A,B","A,B",yes
"A,B","A,B",yes
"A,B","A,B",yes
"A,B","A,B",yes
"A,B","A,B",yes
"A,B","A,B",yes
"A,B","A,B",yes
"A,B","A,B",yes
"A,B","A,B",yes
"A,B","A,B",yes
"A,B","A,B",yes
"A,B","A,B",yes
"A,B","A,B",yes
"A,B","A,B",yes
"A,B","A,B",yes
"A,B","A,B",yes
"A,B","A,B",yes
"A,B","A,B",yes
"A,B","A,B",yes
"A,B","A,B",yes
"A,B","A,B",yes
"A,B","A,B",yes
"A,B","A,B",yes
"A,B","A,B",yes
"A,B","A,B",yes
"A,B","A,B",yes
"A,B","A,B",yes
"A,B","A,B",yes
"A,B","A,B",yes
"A,B","A,B",yes
"A,B","A,B",yes
"A,B","A,B",yes
"A,B","A,B",yes
"A,B","A,B",yes
"A,B","A,B",yes
"A,B","A,B",yes
"A,B","A,B",yes
"A,B","A,B",yes
"A,B","A,B",yes
"A,B","A,B",yes
"A,B","A,B",yes
"A,B","A,B",yes
"A,B","A,B",yes
"A,B","A,B",yes
"A,B","A,B",yes
"A,B","A,B",yes
"A,B","A,B",yes
"A,B","A,B",yes
"A,B","A,B",yes
"A,B","A,B",yes
"A,B","A,B",yes
"A,B","A,B",yes
"A,B","A,B",yes
"A,B","A,B",yes
"A,B","A,B",yes
"A,B","A,B",yes
"A,B","A,B",yes
"A,B","A,B",yes
"A,B","A,B",yes
"A,B","A,B",yes
"A,B","A,B",yes
"A,B","A,B",yes
"A,B","A,B",yes
"A,B","A,B",yes
"A,B","A,B",yes
"A,B","A,B",yes
"A,B","A,B",yes
"A,B","A,B",yes
"A,B","A,B",yes
"A,B","A,B",yes
"A,B","A,B",yes
"A,B","A,B",yes
"A,B","A,B",yes
"A,B","A,B",yes
"A,B","A,B",yes
"A,B","A,B",yes
"A,B","A,B",yes
"A,B","A,B",yes
"A,B","A,B",yes
"A,B","A,B",yes
"A,B","A,B",yes
"A,B","A,B",yes
"A,B","A,B",yes
"A,B","A,B",yes
"A,B","A,B",yes
"A,B","A,B",yes
"A,B","A,B",yes
"A,B","A,B",yes
"A,B","A,B",yes
"A,B","A,B",yes
"A,B","A,B",yes
"A,B","A,B",yes
"A,B","A,B",yes
"A,B","A,B",yes
"A,B","A,B",yes
"A,B","A,B",yes
"A,B","A,B",yes
"A,B","A,B",yes
"A,B","A,B",yes
"A,B","A,B",yes
"A,B","A,B",yes
"A,B","A,B",yes
"A,B","A,B",yes
"A,B","A,B",yes
"A,B","A,B",yes
"A,B","A,B",yes
"A,B","A,B",yes
"A,B","A,B",yes
"A,B","A,B",yes
"A,B","A,B",yes
"A,B","A,B",yes
"A,B","A,B",yes
"A,B","A,B",yes
"A,B","A,B",yes
"A,B","A,B",yes
"A,B","A,B",yes
"A,B","A,B",yes
"A,B","A,B",yes
"A,B","A,B",yes
"A,B","A,B",yes
"A,B","A,B",yes
"A,B","A,B",yes
"A,B","A,B",yes
"A,B","A,B",yes
"A,B","A,B",yes
"A,B","A,B",yes
"A,B","A,B",yes
"A,B","A,B",yes
"A,B","A,B",yes
"A,B","A,B",yes
"A,B","A,B",yes
"A,B","A,B",yes
"A,B","A,B",yes
"A,B","A,B",yes
"A,B","A,B",yes
"A,B","A,B",yes
"A,B","A,B",yes
"A,B","A,B",yes
"A,B","A,B",yes
"A,B","A,B",yes
"A,B","A,B",yes
"A,B","A,B",yes
"A,B","A,B",yes
"A,B","A,B",yes
"A,B","A,B",yes
"A,B","A,B",yes
"A,B","A,B",yes
"A,B","A,B",yes
"A,B","A,B",yes
"A,B","A,B",yes
"A,B","A,B",yes
"A,B","A,B",yes
"A,B","A,B",yes
"A,B","A,B",yes
"A,B","A,B",yes
"A,B","A,B",yes
"A,B","A,B",yes
"A,B","A,B",yes
"A,B","A,B",yes
"A,B","A,B",yes
"A,B","A,B",yes
"A,B","A,B",yes
"A,B","A,B",yes
"A,B","A,B",yes
"A,B","A,B",yes
"A,B","A,B",yes
"A,B","A,B",yes
"A,B","A,B",yes
"A,B","A,B",yes
"A,B","A,B",yes
"A,B","A,B",yes
"A,B","A,B",yes
"A,B","A,B",yes
"A,B","A,B",yes
"A,B","A,B",yes
"A,B","A,B",yes
"A,B","A,B",yes
"A,B","A,B",yes
"A,B","A,C,B",no
"A,B","A,B",yes
"A,B","A,B",yes
"A,B","A,B",yes
"A,B","A,B",yes
"A,B","A,B",yes
"A,B","A,B",yes
"A,B","A,B",yes
"A,B","A,B",yes
"A,B","A,B",yes
"A,B","A,B",yes
"A,B","A,B",yes
"A,B","A,B",yes
"A,B","A,B",yes
"A,B","A,B",yes
"A,B","A,B",yes
"A,B","A,B",yes
"A,B","A,B",yes
"A,B","A,B",yes
"A,B","A,B",yes
"A,B","A,B",yes
"A,B","A,B",yes
"A,B","A,B",yes
"A,B","A,B",yes
"A,B","A,B",yes
"A,B","A,B",yes
"A,B","A,B",yes
"A,B","A,B",yes
"A,B","A,B",yes
"A,B","A,B",yes
"A,B","A,B",yes
"A,B","A,B",yes
"A,B","A,B",yes
"A,B","A,B",yes
"A,B","A,B",yes
"A,B","A,B",yes
"A,B","A,B",yes
"A,B","A,B",yes
"A,B","A,B",yes
"A,B","A,B",yes
"A,B","A,B",yes
"A,B","A,B",yes
"A,B","A,B",yes
"A,B","A,B",yes
"A,B","A,B",yes
"A,B","A,B",yes
"A,B","A,B",yes
"A,B","A,B",yes
"A,B","A,B",yes
"A,B","A,B",yes
"A,B","A,B",yes
"A,B","A,B",yes
"A,B","A,B",yes
"A,B","A,B",yes
"A,B","A,B",yes
"A,B","A,B",yes
"A,B","A,B",yes
"A,B","A,B",yes
"A,B","A,B",yes
"A,B","A,B",yes
"A,B","A,B",yes
"A,B","A,B",yes
"A,B","A,B",yes
"A,B","A,B",yes
"A,B","A,B",yes
"A,B","A,B",yes
"A,B","A,B",yes
"A,B","A,B",yes
"A,B","A,B",yes
"A,B","A,B",yes
"A,B","A,B",yes
"A,B","A,B",yes
"A,B","A,B",yes
"A,B","A,B",yes
"A,B","A,B",yes
"A,B","A,B",yes
"A,B","A,B",yes
"A,B","A,B",yes
"A,B","A,B",yes
"A,B","A,B",yes
"A,B","A,B",yes
"A,B","A,B",yes
"A,B","A,B",yes
"A,B","A,B",yes
"A,B","A,B",yes
"A,B","A,B",yes
"A,B","A,B",yes
"A,B","A,B",yes
"A,B","A,B",yes
"A,B","A,B",yes
"A,B","A,B",yes
"A,B","A,B",yes
"A,B","A,B",yes
"A,B","A,B",yes
"A,B","A,B",yes
"A,B","A,B",yes
"A,B","A,B",yes
"A,B","A,B",yes
"A,B","A,B",yes
"A,B","A,B",yes
"A,B","A,B",yes
"A,B","A,B",yes
"A,B","A,B",yes
"A,B","A,B",yes
"A,B","A,B",yes
"A,B","A,B",yes
"A,B","A,B",yes
"A,B","A,B",yes
"A,B","A,B",yes
"A,B","A,B",yes
"A,B","A,B",yes
"A,B","A,B",yes
"A,B","A,B",yes
"A,B","A,B",yes
"A,B","A,B",yes
"A,B","A,B",yes
"A,B","A,B",yes
"A,B","A,B",yes
"A,B","A,B",yes
"A,B","A,B",yes
"A,B","A,B",yes
"A,B","A,B",yes
"A,B","A,B",yes
"A,B","A,B",yes
"A,B","A,B",yes
"A,B","A,B",yes
"A,B","A,B",yes
"A,B","A,B",yes
"A,B","A,B",yes
"A,B","A,B",yes
"A,B","A,B",yes
"A,B","A,B",yes
"A,B","A,B",yes
"A,B","A,B",yes
"A,B","A,B",yes
"A,B","A,B",yes
"A,B","A,B",yes
"A,B","A,B",yes
"A,B","A,B",yes
"A,B","A,B",yes
"A,B","A,B",yes
"A,B","A,B",yes
"A,B","A,B",yes
"A,B","A,B",yes
"A,B","A,B",yes
"A,B","A,B",yes
"A,B","A,B",yes
"A,B","A,B",yes
"A,B","A,B",yes
"A,B","A,B",yes
"A,B","A,B",yes
"A,B","A,B",yes
"A,B","A,B",yes
"A,B","A,B",yes
"A,B","A,B",yes
"A,B","A,B",yes
"A,B","A,B",yes
"A,B","A,B",yes
"A,B","A,B",yes
"A,B","A,B",yes
"A,B","A,B",yes
"A,B","A,B",yes
"A,B","A,B",yes
"A,B","A,B",yes
"A,B","A,B",yes
"A,B","A,B",yes
"A,B","A,B",yes
"A,B","A,B",yes
"A,B","A,B",yes
"A,B","A,B",yes
"A,B","A,B",yes
"A,B","A,B",yes
"A,B","A,B",yes
"A,B","A,B",yes
"A,B","A,B",yes
"A,B","A,B",yes
"A,B","A,B",yes
"A,B","A,B",yes
"A,B","A,B",yes
"A,B","A,B",yes
"A,B","A,B",yes
"A,B","A,B",yes
"A,B","A,B",yes
"A,B","A,B",yes
"A,B","A,B",yes
"A,B","A,B",yes
"A,B","A,B",yes
"A,B","A,B",yes
"A,B","A,B",yes
"A,B","A,B",yes
"A,B","A,B",yes
"A,B","A,B",yes
"A,B","A,B",yes
"A,B","A,B",yes
"A,B","A,B",yes
"A,B","A,B",yes
"A,B","A,B",yes
"A,B","A,B",yes
"A,B","A,B",yes
"A,B","A,B",yes
"A,B","A,B",yes
"A,B","A,B",yes
"A,B","A,B",yes
"A,B","A,B",yes
"A,B","A,B",yes
"A,B","A,B",yes
"A,B","A,B",yes
"A,B","A,B",yes
"A,B","A,B",yes
"A,B","A,B",yes
"A,B","A,B",yes
"A,B","A,B",yes
"A,B","A,B",yes
"A,B","A,B",yes
"A,B","A,B",yes
"A,B","A,B",yes
"A,B","A,B",yes
"A,B","A,B",yes
"A,B","A,B",yes
"A,B","A,B",yes
"A,B","A,B",yes
"A,B","A,B",yes
"A,B","A,B",yes
"A,B","A,B",yes
"A,B","A,B",yes
"A,B","A,B",yes
"A,B","A,B",yes
"A,B","A,B",yes
"A,B","A,B",yes
"A,B","A,B",yes
"A,B","A,B",yes
"A,B","A,B",yes
"A,B","A,B",yes
"A,B","A,B",yes
"A,B","A,B",yes
"A,B","A,B",yes
"A,B","A,B",yes
"A,B","A,B",yes
"A,B","A,B",yes
"A,B","A,B",yes
"A,B","A,B",yes
"A,B","A,B",yes
"A,B","A,B",yes
"A,B","A,B",yes
"A,B","A,B",yes
"A,B","A,B",yes
"A,B","A,B",yes
"A,B","A,B",yes
"A,B","A,B",yes
"A,B","A,B",yes
"A,B","A,B",yes
"A,B","A,B",yes
"A,B","A,B",yes
"A,B","A,B",yes
"A,B","A,B",yes
"A,B","A,B",yes
"A,B","A,B",yes
"A,B","A,B",yes
"A,B","A,B",yes
"A,B","A,B",yes
"A,B","A,B",yes
"A,B","A,B",yes
"A,B","A,B",yes
"A,B","A,B",yes
"A,B","A,B",yes
"A,B","A,B",yes
"A,B","A,B",yes
"A,B","A,B",yes
"A,B","A,B",yes
"A,B","A,B",yes
"A,B","A,B",yes
"A,B","A,B",yes
"A,B","A,B",yes
"A,B","A,B",yes
"A,B","A,B",yes
"A,B","A,B",yes
"A,B","A,B",yes
"A,B","A,B",yes
"A,B","A,B",yes
"A,B","A,B",yes
"A,B","A,B",yes
"A,B","A,B",yes
"A,B","A,B",yes
"A,B","A,B",yes
"A,B","A,B",yes
"A,B","A,B",yes
"A,B","A,B",yes
"A,B","A,B",yes
"A,B","A,B",yes
"A,B","A,B",yes
"A,B","A,B",yes
"A,B","A,B",yes
"A,B","A,B",yes
"A,B","A,B",yes
"A,B","A,B",yes
"A,B","A,B",yes
"A,B","A,B",yes
"A,B","A,B",yes
"A,B","A,B",yes
"A,B","A,B",yes
"A,B","A,B",yes
"A,B","A,B",yes
"A,B","A,B",yes
"A,B","A,B",yes
"A,B","A,B",yes
"A,B","A,B",yes
"A,B","A,B",yes
"A,B","A,B",yes
"A,B","A,B",yes
"A,B","A,B",yes
"A,B","A,B",yes
"A,B","A,B",yes
"A,B","A,B",yes
"A,B","A,B",yes
"A,B","A,B",yes
"A,B","A,B",yes
"A,B","A,B",yes
"A,B","A,B",yes
"A,B","A,B",yes
"A,B","A,B",yes
"A,B","A,B",yes
"A,B","A,B",yes
"A,B","A,B",yes
"A,B","A,B",yes
"A,B","A,B",yes
"A,B","A,B",yes
"A,B","A,B",yes
"A,B","A,B",yes
"A,B","A,B",yes
"A,B","A,B",yes
"A,B","A,B",yes
"A,B","A,B",yes
"A,B","A,B",yes
"A,B","A,B",yes
"A,B","A,B",yes
"A,B","A,B",yes
"A,B","A,B",yes
"A,B","A,B",yes
"A,B","A,B",yes
"A,B","A,B",yes
"A,B","A,B",yes
"A,B","A,B",yes
"A,B","A,B",yes
"A,B","A,B",yes
"A,B","A,B",yes
"A,B","A,B",yes
"A,B","A,B",yes
"A,B","A,B",yes
"A,B","A,B",yes
"A,B","A,B",yes
"A,B","A,B",yes
"A,B","A,B",yes
"A,B","A,B",yes
"A,B","A,B",yes
"A,B","A,B",yes
"A,B","A,B",yes
"A,B","A,B",yes
"A,B","A,B",yes
"A,B","A,B",yes
"A,B","A,B",yes
"A,B","A,B",yes
"A,B","A,B",yes
"A,B","A,B",yes
"A,B","A,B",yes
"A,B","A,B",yes
"A,B","A,B",yes
"A,B","A,B",yes
"A,B","A,B",yes
"A,B","A,B",yes
"A,B","A,B",yes
"A,B","A,B",yes
"A,B","A,B",yes
"A,B","A,B",yes
"A,B","A,B",yes
"A,B","A,B",yes
"A,B","A,B",yes
"A,B","A,B",yes
"A,B","A,B",yes
"A,B","A,B",yes
"A,B","A,B",yes
"A,B","A,B",yes
"A,B","A,B",yes
"A,B","A,B",yes
"A,B","A,B",yes
"A,B","A,B",yes
"A,B","A,B",yes
"A,B","A,B",yes
"A,B","A,B",yes
"A,B","A,B",yes
"A,B","A,B",yes
"A,B","A,B",yes
"A,B","A,B",yes
"A,B","A,B",yes
"A,B","A,B",yes
"A,B","A,B",yes
"A,B","A,B",yes
"A,B","A,B",yes
"A,B","A,B",yes
"A,B","A,B",yes
"A,B","A,B",yes
"A,B","A,B",yes
"A,B","A,B",yes
"A,B","A,B",yes
"A,B","A,B",yes
"A,B","A,B",yes
"A,B","A,B",yes
"A,B","A,B",yes
"A,B","A,B",yes
"A,B","A,B",yes
"A,B","A,B",yes
"A,B","A,B",yes
"A,B","A,B",yes
"A,B","A,B",yes
"A,B","A,B",yes
"A,B","A,B",yes
"A,B","A,B",yes
"A,B","A,B",yes
"A,B","A,B",yes
"A,B","A,B",yes
"A,B","A,B",yes
"A,B","A,B",yes
"A,B","A,B",yes
"A,B","A,B",yes
"A,B","A,B",yes
"A,B","A,B",yes
"A,B","A,B",yes
"A,B","A,B",yes
"A,B","A,B",yes
"A,B","A,B",yes
"A,B","A,B",yes
"A,B","A,B",yes
"A,B","A,B",yes
"A,B","A,B",yes
"A,B","A,B",yes
"A,B","A,B",yes
"A,B","A,B",yes
"A,B","A,B",yes
"A,B","A,B",yes
"A,B","A,B",yes
"A,B","A,B",yes
"A,B","A,B",yes
"A,B","A,B",yes
"A,B","A,B",yes
"A,B","A,B",yes
"A,B","A,B",yes
"A,B","A,B",yes
"A,B","A,B",yes
"A,B","A,B",yes
"A,B","A,B",yes
"A,B","A,B",yes
"A,B","A,B",yes
"A,B","A,B",yes
"A,B","A,B",yes
"A,B","A,B",yes
"A,B","A,B",yes
"A,B","A,B",yes
"A,B","A,B",yes
"A,B","A,B",yes
"A,B","A,B",yes
"A,B","A,B",yes
"A,B","A,B",yes
"A,B","A,B",yes
"A,B","A,B",yes
"A,B","A,B",yes
"A,B","A,B",yes
"A,B","A,B",yes
"A,B","A,B",yes
"A,B","A,B",yes
"A,B","A,B",yes
"A,B","A,B",yes
"A,B","A,B",yes
"A,B","A,B",yes
"A,B","A,B",yes
"A,B","A,B",yes
"A,B","A,B",yes
"A,B","A,B",yes
"A,B","A,B",yes
"A,B","A,B",yes
"A,B","A,B",yes
"A,B","A,B",yes
"A,B","A,B",yes
"A,B","A,B",yes
"A,B","A,B",yes
"A,B","A,B",yes
"A,B","A,B",yes
"A,B","A,B",yes
"A,B","A,B",yes
"A,B","A,B",yes
"A,B","A,B",yes
"A,B","A,B",yes
"A,B","A,B",yes
"A,B","A,B",yes
"A,B","A,B",yes
"A,B","A,B",yes
"A,B","A,B",yes
"A,B","A,B",yes
"A,B","A,B",yes
"A,B","A,B",yes
"A,B","A,B",yes
"A,B","A,B",yes
"A,B","A,B",yes
"A,B","A,B",yes
"A,B","A,B",yes
"A,B","A,B",yes
"A,B","A,B",yes
"A,B","A,B",yes
"A,B","A,B",yes
"A,B","A,B",yes
"A,B","A,B",yes
"A,B","A,B",yes
"A,B","A,B",yes
"A,B","A,B",yes
"A,B","A,B",yes
"A,B","A,B",yes
"A,B","A,B",yes
"A,B","A,B",yes
"A,B","A,B",yes
"A,B","A,B",yes
"A,B","A,B",yes
"A,B","A,B",yes
"A,B","A,B",yes
"A,B","A,B",yes
"A,B","A,B",yes
"A,B","A,B",yes
"A,B","A,B",yes
"A,B","A,B",yes
"A,B","A,B",yes
"A,B","A,B",yes
"A,B","A,B",yes
"A,B","A,B",yes
"A,B","A,B",yes
"A,B","A,B",yes
"A,B","A,B",yes
"A,B","A,B",yes
"A,B","A,B",yes
"A,B","A,B",yes
"A,B","A,B",yes
"A,B","A,B",yes
"A,B","A,B",yes
"A,B","A,B",yes
"A,B","A,B",yes
"A,B","A,B",yes
"A,B","A,B",yes
"A,B","A,B",yes
"A,B","A,B",yes
"A,B","A,B",yes
"A,B","A,B",yes
"A,B","A,B",yes
"A,B","A,B",yes
"A,B","A,B",yes
"A,B","A,B",yes
"A,B","A,B",yes
"A,B","A,B",yes
"A,B","A,B",yes
"A,B","A,B",yes
"A,B","A,B",yes
"A,B","A,B",yes
"A,B","A,B",yes
"A,B","A,B",yes
"A,B","A,B",yes
"A,B","A,B",yes
"A,B","A,B",yes
"A,B","A,B",yes
"A,B","A,B",yes
"A,B","A,B",yes
"A,B","A,B",yes
"A,B","A,B",yes
"A,B","A,B",yes
"A,B","A,B",yes
"A,B","A,B",yes
"A,B","A,B",yes
"A,B","A,B",yes
"A,B","A,B",yes
"A,B","A,B",yes
"A,B","A,B",yes
"A,B","A,B",yes
"A,B","A,B",yes
"A,B","A,B",yes
"A,B","A,B",yes
"A,B","A,B",yes
"A,B","A,B",yes
"A,B","A,B",yes
"A,B","A,B",yes
"A,B","A,B",yes
"A,B","A,B",yes
"A,B","A,B",yes
"A,B","A,B",yes
"A,B","A,B",yes
"A,B","A,B",yes
"A,B","A,B",yes
"A,B","A,B",yes
"A,B","A,B",yes
"A,B","A,B",yes
"A,B","A,B",yes
"A,B","A,B",yes
"A,B","A,B",yes
"A,B","A,B",yes
"A,B","A,B",yes
"A,B","A,B",yes
"A,B","A,B",yes
"A,B","A,B",yes
"A,B","A,B",yes
"A,B","A,B",yes
"A,B","A,B",yes
"A,B","A,B",yes
"A,B","A,B",yes
"A,B","A,B",yes
"A,B","A,B",yes
"A,B","A,B",yes
"A,B","A,B",yes
"A,B","A,B",yes
"A,B","A,B",yes
"A,B","A,B",yes
"A,B","A,B",yes
"A,B","A,B",yes
"A,B","A,B",yes
"A,B","A,B",yes
"A,B","A,B",yes
"A,B","A,B",yes
"A,B","A,B",yes
"A,B","A,B",yes
"A,B","A,B",yes
"A,B","A,B",yes
"A,B","A,B",yes
"A,B","A,B",yes
"A,B","A,B",yes
"A,B","A,B",yes
"A,B","A,B",yes
"A,B","A,B",yes
"A,B","A,B",yes
"A,B","A,B",yes
"A,B","A,B",yes
"A,B","A,B",yes
"A,B","A,B",yes
"A,B","A,B",yes
"A,B","A,B",yes
"A,B","A,B",yes
"A,B","A,B",yes
"A,B","A,B",yes
"A,B","A,B",yes
"A,B","A,B",yes
"A,B","A,B",yes
"A,B","A,B",yes
"A,B","A,B",yes
"A,B","A,B",yes
"A,B","A,B",yes
"A,B","A,B",yes
"A,B","A,B",yes
"A,B","A,B",yes
"A,B","A,B",yes
"A,B","A,B",yes
"A,B","A,B",yes
"A,B","A,B",yes
"A,B","A,B",yes
"A,B","A,B",yes
"A,B","A,B",yes
"A,B","A,B",yes
"A,B","A,B",yes
"A,B","A,B",yes
"A,B","A,B",yes
"A,B","A,B",yes
"A,B","A,B",yes
"A,B","A,B",yes
"A,B","A,B",yes
"A,B","A,B",yes
"A,B","A,B",yes
"A,B","A,B",yes
"A,B","A,B",yes
"A,B","A,B",yes
"A,B","A,B",yes
"A,B","A,B",yes
"A,B","A,B",yes
"A,B","A,B",yes
"A,B","A,B",yes
"A,B","A,B",yes
"A,B","A,B",yes
"A,B","A,B",yes
"A,B","A,B",yes
"A,B","A,B",yes
"A,B","A,B",yes
"A,B","A,B",yes
"A,B","A,B",yes
"A,B","A,B",yes
"A,B","A,B",yes
"A,B","A,B",yes
"A,B","A,B",yes
"A,B","A,B",yes
"A,B","A,B",yes
"A,B","A,B",yes
"A,B","A,B",yes
"A,B","A,B",yes
"A,B","A,B",yes
"A,B","A,B",yes
"A,B","A,B",yes
"A,B","A,B",yes
"A,B","A,B",yes
"A,B","A,B",yes
"A,B","A,B",yes
"A,B","A,B",yes
"A,B","A,B",yes
"A,B","A,B",yes
"A,B","A,B",yes
"A,B","A,B",yes
"A,B","A,B",yes
"A,B","A,B",yes
"A,B","A,B",yes
"A,B","A,B",yes
"A,B","A,B",yes
"A,B","A,B",yes
"A,B","A,B",yes
"A,B","A,B",yes
"A,B","A,B",yes
"A,B","A,B",yes
"A,B","A,B",yes
"A,B","A,B",yes
"A,B","A,B",yes
"A,B","A,B",yes
"A,B","A,B",yes
"A,B","A,B",yes
"A,B","A,B",yes
"A,B","A,B",yes
"A,B","A,B",yes
"A,B","A,B",yes
"A,B","A,B",yes
"A,B","A,B",yes
"A,B","A,B",yes
"A,B","A,B",yes
"A,B","A,B",yes
"A,B","A,B",yes
"A,B","A,B",yes
"A,B","A,B",yes
"A,B","A,B",yes
"A,B","A,B",yes
"A,B","A,B",yes
"A,B","A,B",yes
"A,B","A,B",yes
"A,B","A,B",yes
"A,B","A,B",yes
"A,B","A,B",yes
"A,B","A,B",yes
"A,B","A,B",yes
"A,B","A,B",yes
"A,B","A,B",yes
"A,B","A,B",yes
"A,B","A,B",yes
"A,B","A,B",yes
"A,B","A,B",yes
"A,B","A,B",yes
"A,B","A,B",yes
"A,B","A,B",yes
"A,B","A,B",yes
"A,B","A,B",yes
"A,B","A,B",yes
"A,B","A,B",yes
"A,B","A,B",yes
"A,B","A,B",yes
"A,B","A,B",yes
"A,B","A,B",yes
"A,B","A,B",yes
"A,B","A,B",yes
"A,B","A,B",yes
"A,B","A,B",yes
"A,B","A,B",yes
"A,B","A,B",yes
"A,B","A,B",yes
"A,B","A,B",yes
"A,B","A,B",yes
"A,B","A,B",yes
"A,B","A,B",yes
"A,B","A,B",yes
"A,B","A,B",yes
"A,B","A,B",yes
"A,B","A,B",yes
"A,B","A,B",yes
"A,B","A,B",yes
"A,B","A,B",yes
"A,B","A,B",yes
"A,B","A,B",yes
"A,B","A,B",yes
"A,B","A,B",yes
"A,B","A,B",yes
"A,B","A,B",yes
"A,B","A,B",yes
"A,B","A,B",yes
"A,B","A,B",yes
"A,B","A,B",yes
"A,B","A,B",yes
"A,B","A,B",yes
"A,B","A,B",yes
"A,B","A,B",yes
"A,B","A,B",yes
"A,B","A,B",yes
"A,B","A,B",yes
"A,B","A,B",yes
"A,B","A,B",yes
"A,B","A,B",yes
"A,B","A,B",yes
"A,B","A,B",yes
"A,B","A,B",yes
"A,B","A,B",yes
"A,B","A,B",yes
"A,B","A,B",yes
"A,B","A,B",yes
"A,B","A,B",yes
"A,B","A,B",yes
"A,B","A,B",yes
"A,B","A,B",yes
"A,B","A,B",yes
"A,B","A,B",yes
"A,B","A,B",yes
"A,B","A,B",yes
"A,B","A,B",yes
"A,B","A,B",yes
"A,B","A,B",yes
"A,B","A,B",yes
"A,B","A,B",yes
"A,B","A,B",yes
"A,B","A,B",yes
"A,B","A,B",yes
"A,B","A,B",yes
"A,B","A,B",yes
"A,B","A,B",yes
"A,B","A,B",yes
"A,B","A,B",yes
"A,B","A,B",yes
"A,B","A,B",yes
"A,B","A,B",yes
"A,B","A,B",yes
"A,B","A,B",yes
"A,B","A,B",yes
"A,B","A,B",yes
"A,B","A,B",yes
"A,B","A,B",yes
"A,B","A,B",yes
"A,B","A,B",yes
"A,B","A,B",yes
"A,B","A,B",yes
"A,B","A,B",yes
"A,B","A,B",yes
"A,B","A,B",yes
"A,B","A,B",yes
"A,B","A,B",yes
"A,B","A,B",yes
"A,B","A,B",yes
"A,B","A,B",yes
"A,B","A,B",yes
"A,B","A,B",yes
"A,B","A,B",yes
"A,B","A,B",yes
"A,B","A,B",yes
"A,B","A,B",yes
"A,B","A,B",yes
"A,B","A,B",yes
"A,B","A,B",yes
"A,B","A,B",yes
"A,B","A,B",yes
"A,B","A,B",yes
"A,B","A,B",yes
"A,B","A,B",yes
"A,B","A,B",yes
"A,B","A,B",yes
"A,B","A,B",yes
"A,B","A,B",yes
"A,B","A,B",yes
"A,B","A,B",yes
"A,B","A,B",yes
"A,B","A,B",yes
"A,B","A,B",yes
"A,B","A,B",yes
"A,B","A,B",yes
"A,B","A,B",yes
"A,B","A,B",yes
"A,B","A,B",yes
"A,B","A,B",yes
"A,B","A,B",yes
"A,B","A,B",yes
"A,B","A,B",yes
"A,B","A,B",yes
"A,B","A,B",yes
"A,B","A,B",yes
"A,B","A,B",yes
"A,B","A,B",yes
"A,B","A,B",yes
"A,B","A,B",yes
"A,B","A,B",yes
"A,B","A,B",yes
"A,B","A,B",yes
"A,B","A,B",yes
"A,B","A,B",yes
"A,B","A,B",yes
"A,B","A,B",yes
"A,B","A,B",yes
"A,B","A,B",yes
"A,B","A,B",yes
"A,B","A,B",yes
"A,B","A,B",yes
"A,B","A,B",yes
"A,B","A,B",yes
"A,B","A,B",yes
"A,B","A,B",yes
"A,B","A,B",yes
"A,B","A,B",yes
"A,B","A,B",yes
"A,B","A,B",yes
"A,B","A,B",yes
"A,B","A,B",yes
"A,B","A,B",yes
"A,B","A,B",yes
"A,B","A,B",yes
"A,B","A,B",yes
"A,B","A,B",yes
"A,B","A,B",yes
"A,B","A,B",yes
"A,B","A,B",yes
"A,B","A,B",yes
"A,B","A,B",yes
"A,B","A,B",yes
"A,B","A,B",yes
"A,B","A,B",yes
"A,B","A,B",yes
"A,B","A,B",yes
"A,B","A,B",yes
"A,B","A,B",yes
"A,B","A,B",yes
"A,B","A,B",yes
"A,B","A,B",yes
"A,B","A,B",yes
"A,B","A,B",yes
"A,B","A,B",yes
"A,B","A,B",yes
"A,B","A,B",yes
"A,B","A,B",yes
"A,B","A,B",yes
"A,B","A,B",yes
"A,B","A,B",yes
"A,B","A,B",yes
"A,B","A,B",yes
"A,B","A,B",yes
"A,B","A,B",yes
"A,B","A,B",yes
"A,B","A,B",yes
"A,B","A,B",yes
"A,B","A,B",yes
"A,B","A,B",yes
"A,B","A,B",yes
"A,B","A,B",yes
"A,B","A,B",yes
"A,B","A,B",yes
"A,B","A,B",yes
"A,B","A,B",yes
"A,B","A,B",yes
"A,B","A,B",yes
"A,B","A,B",yes
"A,B","A,B",yes
"A,B","A,B",yes
"A,B","A,B",yes
"A,B","A,B",yes
"A,B","A,B",yes
"A,B","A,B",yes
"A,B","A,B",yes
"A,B","A,B",yes
"A,B","A,B",yes
"A,B","A,B",yes
"A,B","A,B",yes
"A,B","A,B",yes
"A,B","A,B",yes
"A,B","A,B",yes
"A,B","A,B",yes
"A,B","A,B",yes
"A,B","A,B",yes
"A,B","A,B",yes
"A,B","A,B",yes
"A,B","A,B",yes
"A,B","A,B",yes
"A,B","A,B",yes
"A,B","A,B",yes
"A,B","A,B",yes
"A,B","A,B",yes
"A,B","A,B",yes
"A,B","A,B",yes
"A,B","A,B",yes
"A,B","A,B",yes
"A,B","A,B",yes
"A,B","A,B",yes
"A,B","A,B",yes
"A,B","A,B",yes
"A,B","A,B",yes
"A,B","A,B",yes
"A,B","A,B",yes
"A,B","A,B",yes
"A,B","A,B",yes
"A,B","A,B",yes
"A,B","A,B",yes
"A,B","A,B",yes
"A,B","A,B",yes
"A,B","A,B",yes
"A,B","A,B",yes
"A,B","A,B",yes
"A,B","A,B",yes
"A,B","A,B",yes
"A,B","A,B",yes
"A,B","A,B",yes
"A,B","A,B",yes
"A,B","A,B",yes
"A,B","A,B",yes
"A,B","A,B",yes
"A,B","A,B",yes
"A,B","A,B",yes
"A,B","A,B",yes
"A,B","A,B",yes
"A,B","A,B",yes
"A,B","A,B",yes
"A,B","A,B",yes
"A,B","A,B",yes
"A,B","A,B",yes
"A,B","A,B",yes
"A,B","A,B",yes
"A,B","A,B",yes
"A,B","A,B",yes
"A,B","A,B",yes
"A,B","A,B",yes
"A,B","A,B",yes
"A,B","A,B",yes
"A,B","A,B",yes
"A,B","A,B",yes
"A,B","A,B",yes
"A,B","A,B",yes
"A,B","A,B",yes
"A,B","A,B",yes
"A,B","A,B",yes
"A,B","A,B",yes
"A,B","A,B",yes
"A,B","A,B",yes
"A,B","A,B",yes
"A,B","A,B",yes
"A,B","A,B",yes
"A,B","A,B",yes
"A,B","A,B",yes
"A,B","A,B",yes
"A,B","A,B",yes
"A,B","A,B",yes
"A,B","A,B",yes
"A,B","A,B",yes
"A,B","A,B",yes
"A,B","A,B",yes
"A,B","A,B",yes
"A,B","A,B",yes
"A,B","A,B",yes
"A,B","A,B",yes
"A,B","A,B",yes
"A,B","A,B",yes
"A,B","A,B",yes
"A,B","A,B",yes
"A,B","A,B",yes
"A,B","A,B",yes
"A,B","A,B",yes
"A,B","A,B",yes
"A,B","A,B",yes
"A,B","A,B",yes
"A,B","A,B",yes
"A,B","A,B",yes
"A,B","A,B",yes
"A,B","A,B",yes
"A,B","A,B",yes
"A,B","A,B",yes
"A,B","A,B",yes
"A,B","A,B",yes
"A,B","A,B",yes
"A,B","A,B",yes
"A,B","A,B",yes
"A,B","A,B",yes
"A,B","A,B",yes
"A,B","A,B",yes
"A,B","A,B",yes
"A,B","A,B",yes
"A,B","A,B",yes
"A,B","A,B",yes
"A,B","A,B",yes
"A,B","A,B",yes
"A,B","A,B",yes
"A,B","A,B",yes
"A,B","A,B",yes
"A,B","A,B",yes
"A,B","A,B",yes
"A,B","A,B",yes
"A,B","A,B",yes
"A,B","A,B",yes
"A,B","A,B",yes
"A,B","A,B",yes
"A,B","A,B",yes
"A,B","A,B",yes
"A,B","A,B",yes
"A,B","A,B",yes
"A,B","A,B",yes
"A,B","A,B",yes
"A,B","A,B",yes
"A,B","A,B",yes
"A,B","A,B",yes
"A,B","A,B",yes
"A,B","A,B",yes
"A,B","A,B",yes
"A,B","A,B",yes
"A,B","A,B",yes
"A,B","A,B",yes
"A,B","A,B",yes
"A,B","A,B",yes
"A,B","A,B",yes
"A,B","A,B",yes
"A,B","A,B",yes
"A,B","A,B",yes
"A,B","A,B",yes
"A,B","A,B",yes
"A,B","A,B",yes
"A,B","A,B",yes
"A,B","A,B",yes
"A,B","A,B",yes
"A,B","A,B",yes
"A,B","A,B",yes
"A,B","A,B",yes
"A,B","A,B",yes
"A,B","A,B",yes
"A,B","A,B",yes
"A,B","A,B",yes
"A,B","A,B",yes
"A,B","A,B",yes
"A,B","A,B",yes
"A,B","A,B",yes
"A,B","A,B",yes
"A,B","A,B",yes
"A,B","A,B",yes
"A,B","A,B",yes
"A,B","A,B",yes
"A,B","A,B",yes
"A,B","A,B",yes
"A,B","A,B",yes
"A,B","A,B",yes
"A,B","A,B",yes
"A,B","A,B",yes
"A,B","A,B",yes
"A,B","A,B",yes
"A,B","A,B",yes
"A,B","A,B",yes
"A,B","A,B",yes
"A,B","A,B",yes
"A,B","A,B",yes
"A,B","A,B",yes
"A,B","A,B",yes
"A,B","A,B",yes
"A,B","A,B",yes
"A,B","A,B",yes
"A,B","A,B",yes
"A,B","A,B",yes
"A,B","A,B",yes
"A,B","A,B",yes
"A,B","A,B",yes
"A,B","A,B",yes
"A,B","A,B",yes
"A,B","A,B",yes
"A,B","A,B",yes
"A,B","A,B",yes
"A,B","A,B",yes
"A,B","A,B",yes
"A,B","A,B",yes
"A,B","A,B",yes
"A,B","A,B",yes
"A,B","A,B",yes
"A,B","A,B",yes
"A,B","A,B",yes
"A,B","A,B",yes
"A,B","A,B",yes
"A,B","A,B",yes
"A,B","A,B",yes
"A,B","A,B",yes
"A,B","A,B",yes
"A,B","A,B",yes
"A,B","A,B",yes
"A,B","A,B",yes
"A,B","A,B",yes
"A,B","A,B",yes
"A,B","A,B",yes
"A,B","A,B",yes
"A,B","A,B",yes
"A,B","A,B",yes
"A,B","A,B",yes
"A,B","A,B",yes
"A,B","A,B",yes
"A,B","A,B",yes
"A,B","A,B",yes
"A,B","A,B",yes
"A,B","A,B",yes
"A,B","A,B",yes
"A,B","A,B",yes
"A,B","A,B",yes
"A,B","A,B",yes
"A,B","A,B",yes
"A,B","A,B",yes
"A,B","A,B",yes
"A,B","A,B",yes
"A,B","A,B",yes
"A,B","A,B",yes
"A,B","A,B",yes
"A,B","A,B",yes
"A,B","A,B",yes
"A,B","A,B",yes
"A,B","A,B",yes
"A,B","A,B",yes
"A,B","A,B",yes
"A,B","A,B",yes
"A,B","A,B",yes
"A,B","A,B",yes
"A,B","A,B",yes
"A,B","A,B",yes
"A,B","A,B",yes
"A,B","A,B",yes
"A,B","A,B",yes
"A,B","A,B",yes
"A,B","A,B",yes
"A,B","A,B",yes
"A,B","A,B",yes
"A,B","A,B",yes
"A,B","A,B",yes
"A,B","A,B",yes
"A,B","A,B",yes
"A,B","A,B",yes
"A,B","A,B",yes
"A,B","A,B",yes
"A,B","A,B",yes
"A,B","A,B",yes
"A,B","A,B",yes
"A,B","A,B",yes
"A,B","A,B",yes
"A,B","A,B",yes
"A,B","A,B",yes
"A,B","A,B",yes
"A,B","A,B",yes
"A,B","A,B",yes
"A,B","A,B",yes
"A,B","A,B",yes
"A,B","A,B",yes
"A,B","A,B",yes
"A,B","A,B",yes
"A,B","A,B",yes
"A,B","A,B",yes
"A,B","A,B",yes
"A,B","A,B",yes
"A,B","A,B",yes
"A,B","A,B",yes
"A,B","A,B",yes
"A,B","A,B",yes
"A,B","A,B",yes
"A,B","A,B",yes
"A,B","A,B",yes
"A,B","A,B",yes
"A,B","A,B",yes
"A,B","A,B",yes
"A,B","A,B",yes
"A,B","A,B",yes
"A,B","A,B",yes
"A,B","A,B",yes
"A,B","A,B",yes
"A,B","A,B",yes
"A,B","A,B",yes
"A,B","A,B",yes
"A,B","A,B",yes
"A,B","A,B",yes
"A,B","A,B",yes
"A,B","A,B",yes
"A,B","A,B",yes
"A,B","A,B",yes
"A,B","A,B",yes
"A,B","A,B",yes
"A,B","A,B",yes
"A,B","A,B",yes
"A,B","A,B",yes
"A,B","A,B",yes
"A,B","A,B",yes
"A,B","A,B",yes
"A,B","A,B",yes
"A,B","A,B",yes
"A,B","A,B",yes
"A,B","A,B",yes
"A,B","A,B",yes
"A,B","A,B",yes
"A,B","A,B",yes
"A,B","A,B",yes
"A,B","A,B",yes
"A,B","A,B",yes
"A,B","A,B",yes
"A,B","A,B",yes
"A,B","A,B",yes
"A,B","A,B",yes
"A,B","A,B",yes
"A,B","A,B",yes
"A,B","A,B",yes
"A,B","A,B",yes
"A,B","A,B",yes
"A,B","A,B",yes
"A,B","A,B",yes
"A,B","A,B",yes
"A,B","A,B",yes
"A,B","A,B",yes
"A,B","A,B",yes
"A,B","A,B",yes
"A,B","A,B",yes
"A,B","A,B",yes
"A,B","A,B",yes
"A,B","A,B",yes
"A,B","A,B",yes
"A,B","A,B",yes
"A,B","A,B",yes
"A,B","A,B",yes
"A,B","A,B",yes
"A,B","A,B",yes
"A,B","A,B",yes
"A,B","A,B",yes
"A,B","A,B",yes
"A,B","A,B",yes
"A,B","A,B",yes
"A,B","A,B",yes
"A,B","A,B",yes
"A,B","A,B",yes
"A,B","A,B",yes
"A,B","A,B",yes
"A,B","A,B",yes
"A,B","A,B",yes
"A,B","A,B",yes
"A,B","A,B",yes
"A,B","A,B",yes
"A,B","A,B",yes
"A,B","A,B",yes
"A,B","A,B",yes
"A,B","A,B",yes
"A,B","A,B",yes
"A,B","A,B",yes
"A,B","A,B",yes
"A,B","A,B",yes
"A,B","A,B",yes
"A,B","A,B",yes
"A,B","A,B",yes
"A,B","A,B",yes
"A,B","A,B",yes
"A,B","A,B",yes
"A,B","A,B",yes
"A,B","A,B",yes
"A,B","A,B",yes
"A,B","A,B",yes
"A,B","A,B",yes
"A,B","A,B",yes
"A,B","A,B",yes
"A,B","A,B",yes
"A,B","A,B",yes
"A,B","A,B",yes
"A,B","A,B",yes
"A,B","A,B",yes
"A,B","A,B",yes
"A,B","A,B",yes
"A,B","A,B",yes
"A,B","A,B",yes
"A,B","A,B",yes
"A,B","A,B",yes
"A,B","A,B",yes
"A,B","A,B",yes
"A,B","A,B",yes
"A,B","A,B",yes
"A,B","A,B",yes
"A,B","A,B",yes
"A,B","A,B",yes
"A,B","A,B",yes
"A,B","A,B",yes
"A,B","A,B",yes
"A,B","A,B",yes
"A,B","A,B",yes
"A,B","A,B",yes
"A,B","A,B",yes
"A,B","A,B",yes
"A,B","A,B",yes
"A,B","A,B",yes
"A,B","A,B",yes
"A,B","A,B",yes
"A,B","A,B",yes
"A,B","A,B",yes
"A,B","A,B",yes
"A,B","A,B",yes
"A,B","A,B",yes
"A,B","A,B",yes
"A,B","A,B",yes
"A,B","A,B",yes
"A,B","A,B",yes
"A,B","A,B",yes
"A,B","A,B",yes
"A,B","A,B",yes
"A,B","A,B",yes
"A,B","A,B",yes
"A,B","A,B",yes
"A,B","A,B",yes
"A,B","A,B",yes
"A,B","A,B",yes
"A,B","A,B",yes
"A,B","A,B",yes
"A,B","A,B",yes
"A,B","A,B",yes
"A,B","A,B",yes
"A,B","A,B",yes
"A,B","A,B",yes
"A,B","A,B",yes
"A,B","A,B",yes
"A,B","A,B",yes
"A,B","A,B",yes
"A,B","A,B",yes
"A,B","A,B",yes
"A,B","A,B",yes
"A,B","A,B",yes
"A,B","A,B",yes
"A,B","A,B",yes
"A,B","A,B",yes
"A,B","A,B",yes
"A,B","A,B",yes
"A,B","A,B",yes
"A,B","A,B",yes
"A,B","A,B",yes
"A,B","A,B",yes
"A,B","A,B",yes
"A,B","A,B",yes
"A,B","A,B",yes
"A,B","A,B",yes
"A,B","A,B",yes
"A,B","A,B",yes
"A,B","A,B",yes
"A,B","A,B",yes
"A,B","A,B",yes
"A,B","A,B",yes
"A,B","A,B",yes
"A,B","A,B",yes
"A,B","A,B",yes
"A,B","A,B",yes
"A,B","A,B",yes
"A,B","A,B",yes
"A,B","A,B",yes
"A,B","A,B",yes
"A,B","A,B",yes
"A,B","A,B",yes
"A,B","A,B",yes
"A,B","A,B",yes
"A,B","A,B",yes
"A,B","A,B",yes
"A,B","A,B",yes
"A,B","A,B",yes
"A,B","A,B",yes
"A,B","A,B",yes
"A,B","A,B",yes
"A,B","A,B",yes
"A,B","A,B",yes
"A,B","A,B",yes
"A,B","A,B",yes
"A,B","A,B",yes
"A,B","A,B",yes
"A,B","A,B",yes
"A,B","A,B",yes
"A,B","A,B",yes
"A,B","A,B",yes
"A,B","A,B",yes
"A,B","A,B",yes
"A,B","A,B",yes
"A,B","A,B",yes
"A,B","A,B",yes
"A,B","A,B",yes
"A,B","A,B",yes
"A,B","A,B",yes
"A,B","A,B",yes
"A,B","A,B",yes
"A,B","A,B",yes
"A,B","A,B",yes
"A,B","A,B",yes
"A,B","A,B",yes
"A,B","A,B",yes
"A,B","A,B",yes
"A,B","A,B",yes
"A,B","A,B",yes
"A,B","A,B",yes
"A,B","A,B",yes
"A,B","A,B",yes
"A,B","A,B",yes
"A,B","A,B",yes
"A,B","A,B",yes
"A,B","A,B",yes
"A,B","A,B",yes
"A,B","A,B",yes
"A,B","A,B",yes
"A,B","A,B",yes
"A,B","A,B",yes
"A,B","A,B",yes
"A,B","A,B",yes
"A,B","A,B",yes
"A,B","A,B",yes
"A,B","A,B",yes
"A,B","A,B",yes
"A,B","A,B",yes
"A,B","A,B",yes
"A,B","A,B",yes
"A,B","A,B",yes
"A,B","A,B",yes
"A,B","A,B",yes
"A,B","A,B",yes
"A,B","A,B",yes
"A,B","A,B",yes
"A,B","A,B",yes
"A,B","A,B",yes
"A,B","A,B",yes
"A,B","A,B",yes
"A,B","A,B",yes
"A,B","A,B",yes
"A,B","A,B",yes
"A,B","A,B",yes
"A,B","A,B",yes
"A,B","A,B",yes
"A,B","A,B",yes
"A,B","A,B",yes
"A,B","A,B",yes
"A,B","A,B",yes
"A,B","A,B",yes
"A,B","A,B",yes
"A,B","A,B",yes
"A,B","A,B",yes
"A,B","A,B",yes
"A,B","A,B",yes
"A,B","A,B",yes
"A,B","A,B",yes
"A,B","A,B",yes
"A,B","A,B",yes
"A,B","A,B",yes
"A,B","A,B",yes
"A,B","A,B",yes
"A,B","A,B",yes
"A,B","A,B",yes
"A,B","A,B",yes
"A,B","A,B",yes
"A,B","A,B",yes
"A,B","A,B",yes
"A,B","A,B",yes
"A,B","A,B",yes
"A,B","A,B",yes
"A,B","A,B",yes
"A,B","A,B",yes
"A,B","A,B",yes
"A,B","A,B",yes
"A,B","A,B",yes
"A,B","A,B",yes
"A,B","A,B",yes
"A,B","A,B",yes
"A,B","A,B",yes
"A,B","A,B",yes
"A,B","A,B",yes
"A,B","A,B",yes
"A,B","A,B",yes
"A,B","A,B",yes
"A,B","A,B",yes
"A,B","A,B",yes
"A,B","A,B",yes
"A,B","A,B",yes
"A,B","A,B",yes
"A,B","A,B",yes
"A,B","A,B",yes
"A,B","A,B",yes
"A,B","A,B",yes
"A,B","A,B",yes
"A,B","A,B",yes
"A,B","A,B",yes
"A,B","A,B",yes
"A,B","A,B",yes
"A,B","A,B",yes
"A,B","A,B",yes
"A,B","A,B",yes
"A,B","A,B",yes
"A,B","A,B",yes
"A,B","A,B",yes
"A,B","A,B",yes
"A,B","A,B",yes
"A,B","A,B",yes
"A,B","A,B",yes
"A,B","A,B",yes
"A,B","A,B",yes
"A,B","A,B",yes
"A,B","A,B",yes
"A,B","A,B",yes
"A,B","A,B",yes
"A,B","A,B",yes
"A,B","A,B",yes
"A,B","A,B",yes
"A,B","A,B",yes
"A,B","A,B",yes
"A,B","A,B",yes
"A,B","A,B",yes
"A,B","A,B",yes
"A,B","A,B",yes
"A,B","A,B",yes
"A,B","A,B",yes
"A,B","A,B",yes
"A,B","A,B",yes
"A,B","A,B",yes
"A,B","A,B",yes
"A,B","A,B",yes
"A,B","A,B",yes
"A,B","A,B",yes
"A,B","A,B",yes
"A,B","A,B",yes
"A,B","A,B",yes
"A,B","A,B",yes
"A,B","A,B",yes
"A,B","A,B",yes
"A,B","A,B",yes
"A,B","A,B",yes
"A,B","A,B",yes
"A,B","A,B",yes
"A,B","A,B",yes
"A,B","A,B",yes
"A,B","A,B",yes
"A,B","A,B",yes
"A,B","A,B",yes
"A,B","A,B",yes
"A,B","A,B",yes
"A,B","A,B",yes
"A,B","A,B",yes
"A,B","A,B",yes
"A,B","A,B",yes
"A,B","A,B",yes
"A,B","A,B",yes
"A,B","A,B",yes
"A,B","A,B",yes
"A,B","A,B",yes
"A,B","A,B",yes
"A,B","A,B",yes
"A,B","A,B",yes
"A,B","A,B",yes
"A,B","A,B",yes
"A,B","A,B",yes
"A,B","A,B",yes
"A,B","A,B",yes
"A,B","A,B",yes
"A,B","A,B",yes
"A,B","A,B",yes
"A,B","A,B",yes
"A,B","A,B",yes
"A,B","A,B",yes
"A,B","A,B",yes
"A,B","A,B",yes
"A,B","A,B",yes
"A,B","A,B",yes
"A,B","A,B",yes
"A,B","A,B",yes
"A,B","A,B",yes
"A,B","A,B",yes
"A,B","A,B",yes
"A,B","A,B",yes
"A,B","A,B",yes
"A,B","A,B",yes
"A,B","A,B",yes
"A,B","A,B",yes
"A,B","A,B",yes
"A,B","A,B",yes
"A,B","A,B",yes
"A,B","A,B",yes
"A,B","A,B",yes
"A,B","A,B",yes
"A,B","A,B",yes
"A,B","A,B",yes
"A,B","A,B",yes
"A,B","A,B",yes
"A,B","A,B",yes
"A,B","A,B",yes
"A,B","A,B",yes
"A,B","A,B",yes
"A,B","A,B",yes
"A,B","A,B",yes
"A,B","A,B",yes
"A,B","A,B",yes
"A,B","A,B",yes
"A,B","A,B",yes
"A,B","A,B",yes
"A,B","A,B",yes
"A,B","A,B",yes
"A,B","A,B",yes
"A,B","A,B",yes
"A,B","A,B",yes
"A,B","A,B",yes
"A,B","A,B",yes
"A,B","A,B",yes
"A,B","A,B",yes
"A,B","A,B",yes
"A,B","A,B",yes
"A,B","A,B",yes
"A,B","A,B",yes
"A,B","A,B",yes
"A,B","A,B",yes
"A,B","A,B",yes
"A,B","A,B",yes
"A,B","A,B",yes
"A,B","A,B",yes
"A,B","A,B",yes
"A,B","A,B",yes
"A,B","A,B",yes
"A,B","A,B",yes
"A,B","A,B",yes
"A,B","A,B",yes
"A,B","A,B",yes
"A,B","A,B",yes
"A,B","A,B",yes
"A,B","A,B",yes
"A,B","A,B",yes
"A,B","A,B",yes
"A,B","A,B",yes
"A,B","A,B",yes
"A,B","A,B",yes
"A,B","A,B",yes
"A,B","A,B",yes
"A,B","A,B",yes
"A,B","A,B",yes
"A,B","A,B",yes
"A,B","A,B",yes
"A,B","A,B",yes
"A,B","A,B",yes
"A,B","A,B",yes
"A,B","A,B",yes
"A,B","A,B",yes
"A,B","A,B",yes
"A,B","A,B",yes
"A,B","A,B",yes
"A,B","A,B",yes
"A,B","A,B",yes
"A,B","A,B",yes
"A,B","A,B",yes
"A,B","A,B",yes
"A,B","A,B",yes
"A,B","A,B",yes
"A,B","A,B",yes
"A,B","A,B",yes
"A,B","A,B",yes
"A,B","A,B",yes
"A,B","A,B",yes
"A,B","A,B",yes
"A,B","A,B",yes
"A,B","A,B",yes
"A,B","A,B",yes
"A,B","A,B",yes
"A,B","A,B",yes
"A,B","A,B",yes
"A,B","A,B",yes
"A,B","A,B",yes
"A,B","A,B",yes
"A,B","A,B",yes
"A,B","A,B",yes
"A,B","A,B",yes
"A,B","A,B",yes
"A,B","A,B",yes
"A,B","A,B",yes
"A,B","A,B",yes
"A,B","A,B",yes
"A,B","A,B",yes
"A,B","A,B",yes
"A,B","A,B",yes
"A,B","A,B",yes
"A,B","A,B",yes
"A,B","A,B",yes
"A,B","A,B",yes
"A,B","A,B",yes
"A,B","A,B",yes
"A,B","A,B",yes
"A,B","A,B",yes
"A,B","A,B",yes
"A,B","A,B",yes
"A,B","A,B",yes
"A,B","A,B",yes
"A,B","A,B",yes
"A,B","A,B",yes
"A,B","A,B",yes
"A,B","A,B",yes
"A,B","A,B",yes
"A,B","A,B",yes
"A,B","A,B",yes
"A,B","A,B",yes
"A,B","A,B",yes
"A,B","A,B",yes
"A,B","A,B",yes
"A,B","A,B",yes
"A,B","A,B",yes
"A,B","A,B",yes
"A,B","A,B",yes
"A,B","A,B",yes
"A,B","A,B",yes
"A,B","A,B",yes
"A,B","A,B",yes
"A,B","A,B",yes
"A,B","A,B",yes
"A,B","A,B",yes
"A,B","A,B",yes
"A,B","A,B",yes
"A,B","A,B",yes
"A,B","A,B",yes
"A,B","A,B",yes
"A,B","A,B",yes
"A,B","A,B",yes
"A,B","A,B",yes
"A,B","A,B",yes
"A,B","A,B",yes
"A,B","A,B",yes
"A,B","A,B",yes
"A,B","A,B",yes
"A,B","A,B",yes
"A,B","A,B",yes
"A,B","A,B",yes
"A,B","A,B",yes
"A,B","A,B",yes
"A,B","A,B",yes
"A,B","A,B",yes
"A,B","A,B",yes
"A,B","A,B",yes
"A,B","A,B",yes
"A,B","A,B",yes
"A,B","A,B",yes
"A,B","A,B",yes
"A,B","A,B",yes
"A,B","A,B",yes
"A,B","A,B",yes
"A,B","A,B",yes
"A,B","A,B",yes
"A,B","A,B",yes
"A,B","A,B",yes
"A,B","A,B",yes
"A,B","A,B",yes
"A,B","A,B",yes
"A,B","A,B",yes
"A,B","A,B",yes
"A,B","A,B",yes
"A,B","A,B",yes
"A,B","A,B",yes
"A,B","A,B",yes
"A,B","A,B",yes
"A,B","A,B",yes
"A,B","A,B",yes
"A,B","A,B",yes
"A,B","A,B",yes
"A,B","A,B",yes
"A,B","A,B",yes
"A,B","A,B",yes
"A,B","A,B",yes
"A,B","A,B",yes
"A,B","A,B",yes
"A,B","A,B",yes
"A,B","A,B",yes
"A,B","A,B",yes
"A,B","A,B",yes
"A,B","A,B",yes
"A,B","A,B",yes
"A,B","A,B",yes
"A,B","A,B",yes
"A,B","A,B",yes
"A,B","A,B",yes
"A,B","A,B",yes
"A,B","A,B",yes
"A,B","A,B",yes
"A,B","A,B",yes
"A,B","A,B",yes
"A,B","A,B",yes
"A,B","A,B",yes
"A,B","A,B",yes
"A,B","A,B",yes
"A,B","A,B",yes
"A,B","A,B",yes
"A,B","A,B",yes
"A,B","A,B",yes
"A,B","A,B",yes
"A,B","A,B",yes
"A,B","A,B",yes
"A,B","A,B",yes
"A,B","A,B",yes
"A,B","A,B",yes
"A,B","A,B",yes
"A,B","A,B",yes
"A,B","A,B",yes
"A,B","A,B",yes
"A,B","A,B",yes
"A,B","A,B",yes
"A,B","A,B",yes
"A,B","A,B",yes
"A,B","A,B",yes
"A,B","A,B",yes
"A,B","A,B",yes
"A,B","A,B",yes
"A,B","A,B",yes
"A,B","A,B",yes
"A,B","A,B",yes
"A,B","A,B",yes
"A,B","A,B",yes
"A,B","A,B",yes
"A,B","A,B",yes
"A,B","A,B",yes
"A,B","A,B",yes
"A,B","A,B",yes
"A,B","A,B",yes
"A,B","A,B",yes
"A,B","A,B",yes
"A,B","A,B",yes
"A,B","A,B",yes
"A,B","A,B",yes
"A,B","A,B",yes
"A,B","A,B",yes
"A,B","A,B",yes
"A,B","A,B",yes
"A,B","A,B",yes
"A,B","A,B",yes
"A,B","A,B",yes
"A,B","A,B",yes
"A,B","A,B",yes
"A,B","A,B",yes
"A,B","A,B",yes
"A,B","A,B",yes
"A,B","A,B",yes
"A,B","A,B",yes
"A,B","A,B",yes
"A,B","A,B",yes
"A,B","A,B",yes
"A,B","A,B",yes
"A,B","A,B",yes
"A,B","A,B",yes
"A,B","A,B",yes
"A,B","A,B",yes
"A,B","A,B",yes
"A,B","A,B",yes
"A,B","A,B",yes
"A,B","A,B",yes
"A,B","A,B",yes
"A,B","A,B",yes
"A,B","A,B",yes
"A,B","A,B",yes
"A,B","A,B",yes
"A,B","A,B",yes
"A,B","A,B",yes
"A,B","A,B",yes
"A,B","A,B",yes
"A,B","A,B",yes
"A,B","A,B",yes
"A,B","A,B",yes
"A,B","A,B",yes
"A,B","A,B",yes
"A,B","A,B",yes
"A,B","A,B",yes
"A,B","A,B",yes
"A,B","A,B",yes
"A,B","A,B",yes
"A,B","A,B",yes
"A,B","A,B",yes
"A,B","A,B",yes
"A,B","A,B",yes
"A,B","A,B",yes
"A,B","A,B",yes
"A,B","A,B",yes
"A,B","A,B",yes
"A,B","A,B",yes
"A,B","A,B",yes
"A,B","A,B",yes
"A,B","A,B",yes
"A,B","A,B",yes
"A,B","A,B",yes
"A,B","A,B",yes
"A,B","A,B",yes
"A,B","A,B",yes
"A,B","A,B",yes
"A,B","A,B",yes
"A,B","A,B",yes
"A,B","A,B",yes
"A,B","A,B",yes
"A,B","A,B",yes
"A,B","A,B",yes
"A,B","A,B",yes
"A,B","A,B",yes
"A,B","A,B",yes
"A,B","A,B",yes
"A,B","A,B",yes
"A,B","A,B",yes
"A,B","A,B",yes
"A,B","A,B",yes
"A,B","A,B",yes
"A,B","A,B",yes
"A,B","A,B",yes
"A,B","A,B",yes
"A,B","A,B",yes
"A,B","A,B",yes
"A,B","A,B",yes
"A,B","A,B",yes
"A,B","A,B",yes
"A,B","A,B",yes
"A,B","A,B",yes
"A,B","A,B",yes
"A,B","A,B",yes
"A,B","A,B",yes
"A,B","A,B",yes
"A,B","A,B",yes
"A,B","A,B",yes
"A,B","A,B",yes
"A,B","A,B",yes
"A,B","A,B",yes
"A,B","A,B",yes
"A,B","A,B",yes
"A,B","A,B",yes
"A,B","A,B",yes
"A,B","A,B",yes
"A,B","A,B",yes
"A,B","A,B",yes
"A,B","A,B",yes
"A,B","A,B",yes
"A,B","A,B",yes
"A,B","A,B",yes
"A,B","A,B",yes
"A,B","A,B",yes
"A,B","A,B",yes
"A,B","A,B",yes
"A,B","A,B",yes
"A,B","A,B",yes
"A,B","A,B",yes
"A,B","A,B",yes
"A,B","A,B",yes
"A,B","A,B",yes
"A,B","A,B",yes
"A,B","A,B",yes
"A,B","A,B",yes
"A,B","A,B",yes
"A,B","A,B",yes
"A,B","A,B",yes
"A,B","A,B",yes
"A,B","A,B",yes
"A,B","A,B",yes
"A,B","A,B",yes
"A,B","A,B",yes
"A,B","A,B",yes
"A,B","A,B",yes
"A,B","A,B",yes
"A,B","A,B",yes
"A,B","A,B",yes
"A,B","A,B",yes
"A,B","A,B",yes
"A,B","A,B",yes
"A,B","A,B",yes
"A,B","A,B",yes
"A,B","A,B",yes
"A,B","A,B",yes
"A,B","A,B",yes
"A,B","A,B",yes
"A,B","A,B",yes
"A,B","A,B",yes
"A,B","A,B",yes
"A,B","A,B",yes
"A,B","A,B",yes
"A,B","A,B",yes
"A,B","A,B",yes
"A,B","A,B",yes
"A,B","A,B",yes
"A,B","A,B",yes
"A,B","A,B",yes
"A,B","A,B",yes
"A,B","A,B",yes
"A,B","A,B",yes
"A,B","A,B",yes
"A,B","A,B",yes
"A,B","A,B",yes
"A,B","A,B",yes
"A,B","A,B",yes
"A,B","A,B",yes
"A,B","A,B",yes
"A,B","A,B",yes
"A,B","A,B",yes
"A,B","A,B",yes
"A,B","A,B",yes
"A,B","A,B",yes
"A,B","A,B",yes
"A,B","A,B",yes
"A,B","A,B",yes
"A,B","A,B",yes
"A,B","A,B",yes
"A,B","A,B",yes
"A,B","A,C,B",no
"A,B","A,B",yes
"A,B","A,B",yes
"A,B","A,B",yes
"A,B","A,C,B",no
"A,B","A,B",yes
"A,B","A,B",yes
"A,B","A,B",yes
"A,B","A,B",yes
"A,B","A,B",yes
"A,B","A,B",yes
"A,B","A,B",yes
"A,B","A,B",yes
"A,B","A,B",yes
"A,B","A,B",yes
"A,B","A,B",yes
"A,B","A,B",yes
"A,B","A,B",yes
"A,B","A,B",yes
"A,B","A,B",yes
"A,B","A,B",yes
"A,B","A,B",yes
"A,B","A,B",yes
"A,B","A,B",yes
"A,B","A,B",yes
"A,B","A,B",yes
"A,B","A,B",yes
"A,B","A,B",yes
"A,B","A,B",yes
"A,B","A,B",yes
"A,B","A,B",yes
"A,B","A,B",yes
"A,B","A,B",yes
"A,B","A,B",yes
"A,B","A,B",yes
"A,B","A,B",yes
"A,B","A,B",yes
"A,B","A,B",yes
"A,B","A,B",yes
"A,B","A,B",yes
"A,B","A,B",yes
"A,B","A,B",yes
"A,B","A,B",yes
"A,B","A,B",yes
"A,B","A,B",yes
"A,B","A,B",yes
"A,B","A,B",yes
"A,B","A,B",yes
"A,B","A,B",yes
"A,B","A,B",yes
"A,B","A,B",yes
"A,B","A,B",yes
"A,B","A,B",yes
"A,B","A,B",yes
"A,B","A,B",yes
"A,B","A,B",yes
"A,B","A,B",yes
"A,B","A,B",yes
"A,B","A,B",yes
"A,B","A,B",yes
"A,B","A,B",yes
"A,B","A,B",yes
"A,B","A,B",yes
"A,B","A,B",yes
"A,B","A,B",yes
"A,B","A,B",yes
"A,B","A,B",yes
"A,B","A,B",yes
"A,B","A,B",yes
"A,B","A,B",yes
"A,B","A,B",yes
"A,B","A,B",yes
"A,B","A,B",yes
"A,B","A,B",yes
"A,B","A,B",yes
"A,B","A,B",yes
"A,B","A,B",yes
"A,B","A,B",yes
"A,B","A,B",yes
"A,B","A,B",yes
"A,B","A,B",yes
"A,B","A,B",yes
"A,B","A,B",yes
"A,B","A,B",yes
"A,B","A,B",yes
"A,B","A,B",yes
"A,B","A,B",yes
"A,B","A,B",yes
"A,B","A,B",yes
"A,B","A,B",yes
"A,B","A,B",yes
"A,B","A,B",yes
"A,B","A,C,B",no
"A,B","A,B",yes
"A,B","A,B",yes
"A,B","A,B",yes
"A,B","A,B",yes
"A,B","A,B",yes
"A,B","A,B",yes
"A,B","A,B",yes
"A,B","A,B",yes
"A,B","A,B",yes
"A,B","A,B",yes
"A,B","A,B",yes
"A,B","A,B",yes
"A,B","A,B",yes
"A,B","A,B",yes
"A,B","A,B",yes
"A,B","A,B",yes
"A,B","A,B",yes
"A,B","A,B",yes
"A,B","A,B",yes
"A,B","A,B",yes
"A,B","A,B",yes
"A,B","A,B",yes
"A,B","A,B",yes
"A,B","A,B",yes
"A,B","A,B",yes
"A,B","A,B",yes
"A,B","A,B",yes
"A,B","A,B",yes
"A,B","A,B",yes
"A,B","A,B",yes
"A,B","A,B",yes
"A,B","A,B",yes
"A,B","A,B",yes
"A,B","A,B",yes
"A,B","A,B",yes
"A,B","A,B",yes
"A,B","A,B",yes
"A,B","A,B",yes
"A,B","A,B",yes
"A,B","A,B",yes
"A,B","A,B",yes
"A,B","A,B",yes
"A,B","A,B",yes
"A,B","A,B",yes
"A,B","A,B",yes
"A,B","A,B",yes
"A,B","A,B",yes
"A,B","A,B",yes
"A,B","A,B",yes
"A,B","A,B",yes
"A,B","A,B",yes
"A,B","A,B",yes
"A,B","A,B",yes
"A,B","A,B",yes
"A,B","A,B",yes
"A,B","A,B",yes
"A,B","A,B",yes
"A,B","A,B",yes
"A,B","A,B",yes
"A,B","A,B",yes
"A,B","A,B",yes
"A,B","A,B",yes
"A,B","A,B",yes
"A,B","A,B",yes
"A,B","A,B",yes
"A,B","A,B",yes
"A,B","A,B",yes
"A,B","A,B",yes
"A,B","A,B",yes
"A,B","A,B",yes
"A,B","A,B",yes
"A,B","A,B",yes
"A,B","A,B",yes
"A,B","A,B",yes
"A,B","A,B",yes
"A,B","A,B",yes
"A,B","A,B",yes
"A,B","A,B",yes
"A,B","A,B",yes
"A,B","A,B",yes
"A,B","A,B",yes
"A,B","A,B",yes
"A,B","A,B",yes
"A,B","A,B",yes
"A,B","A,B",yes
"A,B","A,B",yes
"A,B","A,B",yes
"A,B","A,B",yes
"A,B","A,B",yes
"A,B","A,B",yes
"A,B","A,B",yes
"A,B","A,B",yes
"A,B","A,B",yes
"A,B","A,B",yes
"A,B","A,B",yes
"A,B","A,B",yes
"A,B","A,B",yes
"A,B","A,B",yes
"A,B","A,B",yes
"A,B","A,B",yes
"A,B","A,B",yes
"A,B","A,B",yes
"A,B","A,B",yes
"A,B","A,B",yes
"A,B","A,B",yes
"A,B","A,B",yes
"A,B","A,B",yes
"A,B","A,B",yes
"A,B","A,B",yes
"A,B","A,B",yes
"A,B","A,B",yes
"A,B","A,B",yes
"A,B","A,B",yes
"A,B","A,B",yes
"A,B","A,B",yes
"A,B","A,B",yes
"A,B","A,B",yes
"A,B","A,B",yes
"A,B","A,B",yes
"A,B","A,B",yes
"A,B","A,B",yes
"A,B","A,B",yes
"A,B","A,B",yes
"A,B","A,B",yes
"A,B","A,B",yes
"A,B","A,B",yes
"A,B","A,B",yes
"A,B","A,B",yes
"A,B","A,B",yes
"A,B","A,B",yes
"A,B","A,B",yes
"A,B","A,B",yes
"A,B","A,B",yes
"A,B","A,B",yes
"A,B","A,B",yes
"A,B","A,B",yes
"A,B","A,B",yes
"A,B","A,B",yes
"A,B","A,B",yes
"A,B","A,B",yes
"A,B","A,B",yes
"A,B","A,B",yes
"A,B","A,B",yes
"A,B","A,B",yes
"A,B","A,B",yes
"A,B","A,B",yes
"A,B","A,B",yes
"A,B","A,B",yes
"A,B","A,B",yes
"A,B","A,B",yes
"A,B","A,B",yes
"A,B","A,B",yes
"A,B","A,B",yes
"A,B","A,B",yes
"A,B","A,B",yes
"A,B","A,B",yes
"A,B","A,B",yes
"A,B","A,B",yes
"A,B","A,B",yes
"A,B","A,B",yes
"A,B","A,B",yes
"A,B","A,B",yes
"A,B","A,B",yes
"A,B","A,B",yes
"A,B","A,B",yes
"A,B","A,B",yes
"A,B","A,B",yes
"A,B","A,B",yes
"A,B","A,B",yes
"A,B","A,B",yes
"A,B","A,B",yes
"A,B","A,B",yes
"A,B","A,B",yes
"A,B","A,B",yes
"A,B","A,B",yes
"A,B","A,B",yes
"A,B","A,B",yes
"A,B","A,B",yes
"A,B","A,B",yes
"A,B","A,B",yes
"A,B","A,B",yes
"A,B","A,B",yes
"A,B","A,B",yes
"A,B","A,B",yes
"A,B","A,B",yes
"A,B","A,B",yes
"A,B","A,B",yes
"A,B","A,B",yes
"A,B","A,B",yes
"A,B","A,B",yes
"A,B","A,B",yes
"A,B","A,B",yes
"A,B","A,B",yes
"A,B","A,B",yes
"A,B","A,B",yes
"A,B","A,B",yes
"A,B","A,B",yes
"A,B","A,B",yes
"A,B","A,B",yes
"A,B","A,B",yes
"A,B","A,B",yes
"A,B","A,B",yes
"A,B","A,B",yes
"A,B","A,B",yes
"A,B","A,B",yes
"A,B","A,B",yes
"A,B","A,B",yes
"A,B","A,B",yes
"A,B","A,B",yes
"A,B","A,B",yes
"A,B","A,B",yes
"A,B","A,B",yes
"A,B","A,B",yes
"A,B","A,B",yes
"A,B","A,B",yes
"A,B","A,B",yes
"A,B","A,B",yes
"A,B","A,B",yes
"A,B","A,B",yes
"A,B","A,B",yes
"A,B","A,B",yes
"A,B","A,B",yes
"A,B","A,B",yes
"A,B","A,B",yes
"A,B","A,B",yes
"A,B","A,B",yes
"A,B","A,B",yes
"A,B","A,B",yes
"A,B","A,B",yes
"A,B","A,B",yes
"A,B","A,B",yes
"A,B","A,B",yes
"A,B","A,B",yes
"A,B","A,B",yes
"A,B","A,B",yes
"A,B","A,B",yes
"A,B","A,B",yes
"A,B","A,B",yes
"A,B","A,B",yes
"A,B","A,B",yes
"A,B","A,B",yes
"A,B","A,B",yes
"A,B","A,B",yes
"A,B","A,B",yes
"A,B","A,B",yes
"A,B","A,B",yes
"A,B","A,B",yes
"A,B","A,B",yes
"A,B","A,B",yes
"A,B","A,B",yes
"A,B","A,B",yes
"A,B","A,B",yes
"A,B","A,B",yes
"A,B","A,B",yes
"A,B","A,B",yes
"A,B","A,B",yes
"A,B","A,B",yes
"A,B","A,B",yes
"A,B","A,B",yes
"A,B","A,B",yes
"A,B","A,B",yes
"A,B","A,B",yes
"A,B","A,B",yes
"A,B","A,B",yes
"A,B","A,B",yes
"A,B","A,B",yes
"A,B","A,B",yes
"A,B","A,B",yes
"A,B","A,B",yes
"A,B","A,B",yes
"A,B","A,B",yes
"A,B","A,B",yes
"A,B","A,B",yes
"A,B","A,B",yes
"A,B","A,B",yes
"A,B","A,B",yes
"A,B","A,B",yes
"A,B","A,B",yes
"A,B","A,B",yes
"A,B","A,B",yes
"A,B","A,B",yes
"A,B","A,B",yes
"A,B","A,B",yes
"A,B","A,B",yes
"A,B","A,B",yes
"A,B","A,B",yes
"A,B","A,B",yes
"A,B","A,B",yes
"A,B","A,B",yes
"A,B","A,B",yes
"A,B","A,B",yes
"A,B","A,B",yes
"A,B","A,B",yes
"A,B","A,B",yes
"A,B","A,B",yes
"A,B","A,B",yes
"A,B","A,B",yes
"A,B","A,B",yes
"A,B","A,B",yes
"A,B","A,B",yes
"A,B","A,B",yes
"A,B","A,B",yes
"A,B","A,C,B",no
"A,B","A,B",yes
"A,B","A,B",yes
"A,B","A,B",yes
"A,B","A,B",yes
"A,B","A,B",yes
"A,B","A,B",yes
"A,B","A,B",yes
"A,B","A,B",yes
"A,B","A,B",yes
"A,B","A,B",yes
"A,B","A,B",yes
"A,B","A,B",yes
"A,B","A,B",yes
"A,B","A,B",yes
"A,B","A,B",yes
"A,B","A,B",yes
"A,B","A,B",yes
"A,B","A,B",yes
"A,B","A,B",yes
"A,B","A,B",yes
"A,B","A,B",yes
"A,B","A,B",yes
"A,B","A,B",yes
"A,B","A,B",yes
"A,B","A,B",yes
"A,B","A,B",yes
"A,B","A,B",yes
"A,B","A,B",yes
"A,B","A,B",yes
"A,B","A,B",yes
"A,B","A,B",yes
"A,B","A,B",yes
"A,B","A,B",yes
"A,B","A,B",yes
"A,B","A,B",yes
"A,B","A,B",yes
"A,B","A,B",yes
"A,B","A,B",yes
"A,B","A,B",yes
"A,B","A,B",yes
"A,B","A,B",yes
"A,B","A,B",yes
"A,B","A,B",yes
"A,B","A,B",yes
"A,B","A,B",yes
"A,B","A,B",yes
"A,B","A,B",yes
"A,B","A,B",yes
"A,B","A,B",yes
"A,B","A,B",yes
"A,B","A,B",yes
"A,B","A,B",yes
"A,B","A,B",yes
"A,B","A,B",yes
"A,B","A,B",yes
"A,B","A,B",yes
"A,B","A,B",yes
"A,B","A,B",yes
"A,B","A,B",yes
"A,B","A,B",yes
"A,B","A,B",yes
"A,B","A,B",yes
"A,B","A,B",yes
"A,B","A,B",yes
"A,B","A,B",yes
"A,B","A,B",yes
"A,B","A,B",yes
"A,B","A,B",yes
"A,B","A,B",yes
"A,B","A,B",yes
"A,B","A,B",yes
"A,B","A,B",yes
"A,B","A,B",yes
"A,B","A,B",yes
"A,B","A,B",yes
"A,B","A,B",yes
"A,B","A,B",yes
"A,B","A,B",yes
"A,B","A,B",yes
"A,B","A,B",yes
"A,B","A,B",yes
"A,B","A,B",yes
"A,B","A,B",yes
"A,B","A,B",yes
"A,B","A,B",yes
"A,B","A,B",yes
"A,B","A,B",yes
"A,B","A,B",yes
"A,B","A,B",yes
"A,B","A,B",yes
"A,B","A,B",yes
"A,B","A,B",yes
"A,B","A,B",yes
"A,B","A,B",yes
"A,B","A,B",yes
"A,B","A,B",yes
"A,B","A,B",yes
"A,B","A,B",yes
"A,B","A,B",yes
"A,B","A,B",yes
"A,B","A,B",yes
"A,B","A,B",yes
"A,B","A,B",yes
"A,B","A,B",yes
"A,B","A,B",yes
"A,B","A,B",yes
"A,B","A,B",yes
"A,B","A,B",yes
"A,B","A,B",yes
"A,B","A,B",yes
"A,B","A,B",yes
"A,B","A,B",yes
"A,B","A,B",yes
"A,B","A,B",yes
"A,B","A,B",yes
"A,B","A,B",yes
"A,B","A,B",yes
"A,B","A,B",yes
"A,B","A,B",yes
"A,B","A,B",yes
"A,B","A,B",yes
"A,B","A,B",yes
"A,B","A,B",yes
"A,B","A,B",yes
"A,B","A,B",yes
"A,B","A,B",yes
"A,B","A,B",yes
"A,B","A,B",yes
"A,B","A,B",yes
"A,B","A,B",yes
"A,B","A,B",yes
"A,B","A,B",yes
"A,B","A,B",yes
"A,B","A,B",yes
"A,B","A,B",yes
"A,B","A,B",yes
"A,B","A,B",yes
"A,B","A,B",yes
"A,B","A,B",yes
"A,B","A,B",yes
"A,B","A,B",yes
"A,B","A,B",yes
"A,B","A,B",yes
"A,B","A,B",yes
"A,B","A,B",yes
"A,B","A,B",yes
"A,B","A,B",yes
"A,B","A,B",yes
"A,B","A,B",yes
"A,B","A,B",yes
"A,B","A,B",yes
"A,B","A,B",yes
"A,B","A,B",yes
"A,B","A,B",yes
"A,B","A,B",yes
"A,B","A,B",yes
"A,B","A,B",yes
"A,B","A,B",yes
"A,B","A,B",yes
"A,B","A,B",yes
"A,B","A,B",yes
"A,B","A,B",yes
"A,B","A,B",yes
"A,B","A,B",yes
"A,B","A,B",yes
"A,B","A,B",yes
"A,B","A,B",yes
"A,B","A,B",yes
"A,B","A,B",yes
"A,B","A,B",yes
"A,B","A,B",yes
"A,B","A,B",yes
"A,B","A,B",yes
"A,B","A,B",yes
"A,B","A,B",yes
"A,B","A,B",yes
"A,B","A,B",yes
"A,B","A,B",yes
"A,B","A,B",yes
"A,B","A,B",yes
"A,B","A,B",yes
"A,B","A,B",yes
"A,B","A,B",yes
"A,B","A,B",yes
"A,B","A,B",yes
"A,B","A,B",yes
"A,B","A,B",yes
"A,B","A,B",yes
"A,B","A,B",yes
"A,B","A,B",yes
"A,B","A,B",yes
"A,B","A,B",yes
"A,B","A,B",yes
"A,B","A,B",yes
"A,B","A,B",yes
"A,B","A,B",yes
"A,B","A,B",yes
"A,B","A,B",yes
"A,B","A,B",yes
"A,B","A,B",yes
"A,B","A,B",yes
"A,B","A,B",yes
"A,B","A,B",yes
"A,B","A,B",yes
"A,B","A,B",yes
"A,B","A,B",yes
"A,B","A,B",yes
"A,B","A,B",yes
"A,B","A,B",yes
"A,B","A,B",yes
"A,B","A,B",yes
"A,B","A,B",yes
"A,B","A,B",yes
"A,B","A,B",yes
"A,B","A,B",yes
"A,B","A,B",yes
"A,B","A,B",yes
"A,B","A,B",yes
"A,B","A,B",yes
"A,B","A,B",yes
"A,B","A,B",yes
"A,B","A,B",yes
"A,B","A,B",yes
"A,B","A,B",yes
"A,B","A,B",yes
"A,B","A,B",yes
"A,B","A,B",yes
"A,B","A,B",yes
"A,B","A,B",yes
"A,B","A,B",yes
"A,B","A,B",yes
"A,B","A,B",yes
"A,B","A,B",yes
"A,B","A,B",yes
"A,B","A,B",yes
"A,B","A,B",yes
"A,B","A,B",yes
"A,B","A,B",yes
"A,B","A,B",yes
"A,B","A,B",yes
"A,B","A,B",yes
"A,B","A,B",yes
"A,B","A,B",yes
"A,B","A,B",yes
"A,B","A,B",yes
"A,B","A,B",yes
"A,B","A,B",yes
"A,B","A,B",yes
"A,B","A,B",yes
"A,B","A,B",yes
"A,B","A,B",yes
"A,B","A,B",yes
"A,B","A,B",yes
"A,B","A,B",yes
"A,B","A,B",yes
"A,B","A,B",yes
"A,B","A,B",yes
"A,B","A,B",yes
"A,B","A,B",yes
"A,B","A,B",yes
"A,B","A,B",yes
"A,B","A,B",yes
"A,B","A,B",yes
"A,B","A,B",yes
"A,B","A,B",yes
"A,B","A,B",yes
"A,B","A,B",yes
"A,B","A,B",yes
"A,B","A,B",yes
"A,B","A,B",yes
"A,B","A,B",yes
"A,B","A,B",yes
"A,B","A,B",yes
"A,B","A,B",yes
"A,B","A,B",yes
"A,B","A,B",yes
"A,B","A,B",yes
"A,B","A,B",yes
"A,B","A,B",yes
"A,B","A,B",yes
"A,B","A,B",yes
"A,B","A,B",yes
"A,B","A,B",yes
"A,B","A,B",yes
"A,B","A,B",yes
"A,B","A,B",yes
"A,B","A,B",yes
"A,B","A,B",yes
"A,B","A,B",yes
"A,B","A,B",yes
"A,B","A,B",yes
"A,B","A,B",yes
"A,B","A,B",yes
"A,B","A,B",yes
"A,B","A,B",yes
"A,B","A,B",yes
"A,B","A,B",yes
"A,B","A,B",yes
"A,B","A,B",yes
"A,B","A,B",yes
"A,B","A,B",yes
"A,B","A,B",yes
"A,B","A,B",yes
"A,B","A,B",yes
"A,B","A,B",yes
"A,B","A,B",yes
"A,B","A,B",yes
"A,B","A,B",yes
"A,B","A,B",yes
"A,B","A,B",yes
"A,B","A,B",yes
"A,B","A,B",yes
"A,B","A,B",yes
"A,B","A,B",yes
"A,B","A,B",yes
"A,B","A,B",yes
"A,B","A,B",yes
"A,B","A,B",yes
"A,B","A,B",yes
"A,B","A,B",yes
"A,B","A,B",yes
"A,B","A,B",yes
"A,B","A,B",yes
"A,B","A,B",yes
"A,B","A,B",yes
"A,B","A,B",yes
"A,B","A,B",yes
"A,B","A,B",yes
"A,B","A,B",yes
"A,B","A,B",yes
"A,B","A,B",yes
"A,B","A,B",yes
"A,B","A,B",yes
"A,B","A,B",yes
"A,B","A,B",yes
"A,B","A,B",yes
"A,B","A,B",yes
"A,B","A,B",yes
"A,B","A,B",yes
"A,B","A,B",yes
"A,B","A,B",yes
"A,B","A,B",yes
"A,B","A,B",yes
"A,B","A,B",yes
"A,B","A,B",yes
"A,B","A,B",yes
"A,B","A,B",yes
"A,B","A,B",yes
"A,B","A,B",yes
"A,B","A,B",yes
"A,B","A,B",yes
"A,B","A,B",yes
"A,B","A,B",yes
"A,B","A,B",yes
"A,B","A,B",yes
"A,B","A,B",yes
"A,B","A,B",yes
"A,B","A,B",yes
"A,B","A,B",yes
"A,B","A,B",yes
"A,B","A,B",yes
"A,B","A,B",yes
"A,B","A,B",yes
"A,B","A,B",yes
"A,B","A,B",yes
"A,B","A,B",yes
"A,B","A,B",yes
"A,B","A,B",yes
"A,B","A,B",yes
"A,B","A,B",yes
"A,B","A,B",yes
"A,B","A,B",yes
"A,B","A,B",yes
"A,B","A,B",yes
"A,B","A,B",yes
"A,B","A,B",yes
"A,B","A,B",yes
"A,B","A,B",yes
"A,B","A,B",yes
"A,B","A,B",yes
"A,B","A,B",yes
"A,B","A,B",yes
"A,B","A,B",yes
"A,B","A,B",yes
"A,B","A,B",yes
"A,B","A,B",yes
"A,B","A,B",yes
"A,B","A,B",yes
"A,B","A,B",yes
"A,B","A,B",yes
"A,B","A,B",yes
"A,B","A,B",yes
"A,B","A,B",yes
"A,B","A,B",yes
"A,B","A,B",yes
"A,B","A,B",yes
"A,B","A,B",yes
"A,B","A,B",yes
"A,B","A,B",yes
"A,B","A,B",yes
"A,B","A,B",yes
"A,B","A,B",yes
"A,B","A,B",yes
"A,B","A,B",yes
"A,B","A,B",yes
"A,B","A,B",yes
"A,B","A,B",yes
"A,B","A,B",yes
"A,B","A,B",yes
"A,B","A,B",yes
"A,B","A,B",yes
"A,B","A,B",yes
"A,B","A,B",yes
"A,B","A,B",yes
"A,B","A,B",yes
"A,B","A,B",yes
"A,B","A,B",yes
"A,B","A,B",yes
"A,B","A,B",yes
"A,B","A,B",yes
"A,B","A,B",yes
"A,B","A,B",yes
"A,B","A,B",yes
"A,B","A,B",yes
"A,B","A,B",yes
"A,B","A,B",yes
"A,B","A,B",yes
"A,B","A,B",yes
"A,B","A,B",yes
"A,B","A,B",yes
"A,B","A,B",yes
"A,B","A,B",yes
"A,B","A,B",yes
"A,B","A,B",yes
"A,B","A,B",yes
"A,B","A,B",yes
"A,B","A,B",yes
"A,B","A,B",yes
"A,B","A,B",yes
"A,B","A,B",yes
"A,B","A,B",yes
"A,B","A,B",yes
"A,B","A,B",yes
"A,B","A,B",yes
"A,B","A,B",yes
"A,B","A,B",yes
"A,B","A,B",yes
"A,B","A,B",yes
"A,B","A,B",yes
"A,B","A,B",yes
"A,B","A,B",yes
"A,B","A,B",yes
"A,B","A,B",yes
"A,B","A,B",yes
"A,B","A,B",yes
"A,B","A,B",yes
"A,B","A,B",yes
"A,B","A,B",yes
"A,B","A,B",yes
"A,B","A,B",yes
"A,B","A,B",yes
"A,B","A,B",yes
"A,B","A,B",yes
"A,B","A,B",yes
"A,B","A,B",yes
"A,B","A,B",yes
"A,B","A,B",yes
"A,B","A,B",yes
"A,B","A,B",yes
"A,B","A,B",yes
"A,B","A,B",yes
"A,B","A,B",yes
"A,B","A,B",yes
"A,B","A,B",yes
"A,B","A,B",yes
"A,B","A,B",yes
"A,B","A,B",yes
"A,B","A,B",yes
"A,B","A,B",yes
"A,B","A,B",yes
"A,B","A,B",yes
"A,B","A,B",yes
"A,B","A,B",yes
"A,B","A,B",yes
"A,B","A,B",yes
"A,B","A,B",yes
"A,B","A,B",yes
"A,B","A,B",yes
"A,B","A,B",yes
"A,B","A,B",yes
"A,B","A,B",yes
"A,B","A,B",yes
"A,B","A,B",yes
"A,B","A,B",yes
"A,B","A,B",yes
"A,B","A,B",yes
"A,B","A,B",yes
"A,B","A,B",yes
"A,B","A,B",yes
"A,B","A,B",yes
"A,B","A,B",yes
"A,B","A,B",yes
"A,B","A,B",yes
"A,B","A,B",yes
"A,B","A,B",yes
"A,B","A,B",yes
"A,B","A,B",yes
"A,B","A,B",yes
"A,B","A,B",yes
"A,B","A,B",yes
"A,B","A,B",yes
"A,B","A,B",yes
"A,B","A,B",yes
"A,B","A,B",yes
"A,B","A,B",yes
"A,B","A,B",yes
"A,B","A,B",yes
"A,B","A,B",yes
"A,B","A,B",yes
"A,B","A,B",yes
"A,B","A,B",yes
"A,B","A,B",yes
"A,B","A,B",yes
"A,B","A,B",yes
"A,B","A,B",yes
"A,B","A,B",yes
"A,B","A,B",yes
"A,B","A,B",yes
"A,B","A,B",yes
"A,B","A,B",yes
"A,B","A,B",yes
"A,B","A,B",yes
"A,B","A,B",yes
"A,B","A,B",yes
"A,B","A,B",yes
"A,B","A,B",yes
"A,B","A,B",yes
"A,B","A,B",yes
"A,B","A,B",yes
"A,B","A,B",yes
"A,B","A,B",yes
"A,B","A,B",yes
"A,B","A,B",yes
"A,B","A,B",yes
"A,B","A,B",yes
"A,B","A,B",yes
"A,B","A,B",yes
"A,B","A,B",yes
"A,B","A,B",yes
"A,B","A,B",yes
"A,B","A,B",yes
"A,B","A,B",yes
"A,B","A,B",yes
"A,B","A,C,B",no
"A,B","A,B",yes
"A,B","A,B",yes
"A,B","A,B",yes
"A,B","A,B",yes
"A,B","A,B",yes
"A,B","A,B",yes
"A,B","A,B",yes
"A,B","A,B",yes
"A,B","A,B",yes
"A,B","A,B",yes
"A,B","A,B",yes
"A,B","A,B",yes
"A,B","A,B",yes
"A,B","A,B",yes
"A,B","A,B",yes
"A,B","A,B",yes
"A,B","A,B",yes
"A,B","A,B",yes
"A,B","A,B",yes
"A,B","A,B",yes
"A,B","A,B",yes
"A,B","A,B",yes
"A,B","A,B",yes
"A,B","A,B",yes
"A,B","A,B",yes
"A,B","A,B",yes
"A,B","A,B",yes
"A,B","A,B",yes
"A,B","A,B",yes
"A,B","A,B",yes
"A,B","A,B",yes
"A,B","A,B",yes
"A,B","A,B",yes
"A,B","A,B",yes
"A,B","A,B",yes
"A,B","A,B",yes
"A,B","A,B",yes
"A,B","A,B",yes
"A,B","A,B",yes
"A,B","A,B",yes
"A,B","A,B",yes
"A,B","A,B",yes
"A,B","A,B",yes
"A,B","A,B",yes
"A,B","A,B",yes
"A,B","A,B",yes
"A,B","A,B",yes
"A,B","A,B",yes
"A,B","A,B",yes
"A,B","A,B",yes
"A,B","A,B",yes
"A,B","A,B",yes
"A,B","A,B",yes
"A,B","A,B",yes
"A,B","A,B",yes
"A,B","A,B",yes
"A,B","A,B",yes
"A,B","A,B",yes
"A,B","A,B",yes
"A,B","A,B",yes
"A,B","A,B",yes
"A,B","A,B",yes
"A,B","A,B",yes
"A,B","A,B",yes
"A,B","A,C,B",no
"A,B","A,B",yes
"A,B","A,B",yes
"A,B","A,B",yes
"A,B","A,B",yes
"A,B","A,B",yes
"A,B","A,B",yes
"A,B","A,B",yes
"A,B","A,B",yes
"A,B","A,B",yes
"A,B","A,B",yes
"A,B","A,B",yes
"A,B","A,B",yes
"A,B","A,B",yes
"A,B","A,B",yes
"A,B","A,B",yes
"A,B","A,B",yes
"A,B","A,C,B",no
"A,B","A,B",yes
"A,B","A,B",yes
"A,B","A,B",yes
"A,B","A,B",yes
"A,B","A,B",yes
"A,B","A,B",yes
"A,B","A,B",yes
"A,B","A,B",yes
"A,B","A,B",yes
"A,B","A,B",yes
"A,B","A,B",yes
"A,B","A,B",yes
"A,B","A,B",yes
"A,B","A,B",yes
"A,B","A,B",yes
"A,B","A,B",yes
"A,B","A,B",yes
"A,B","A,B",yes
"A,B","A,B",yes
"A,B","A,B",yes
"A,B","A,B",yes
"A,B","A,B",yes
"A,B","A,B",yes
"A,B","A,B",yes
"A,B","A,B",yes
"A,B","A,B",yes
"A,B","A,B",yes
"A,B","A,B",yes
"A,B","A,B",yes
"A,B","A,B",yes
"A,B","A,B",yes
"A,B","A,B",yes
"A,B","A,B",yes
"A,B","A,B",yes
"A,B","A,B",yes
"A,B","A,B",yes
"A,B","A,B",yes
"A,B","A,B",yes
"A,B","A,B",yes
"A,B","A,B",yes
"A,B","A,B",yes
"A,B","A,B",yes
"A,B","A,B",yes
"A,B","A,B",yes
"A,B","A,B",yes
"A,B","A,B",yes
"A,B","A,B",yes
"A,B","A,B",yes
"A,B","A,B",yes
"A,B","A,B",yes
"A,B","A,B",yes
"A,B","A,B",yes
"A,B","A,B",yes
"A,B","A,B",yes
"A,B","A,B",yes
"A,B","A,B",yes
"A,B","A,B",yes
"A,B","A,B",yes
"A,B","A,B",yes
"A,B","A,B",yes
"A,B","A,B",yes
"A,B","A,B",yes
"A,B","A,B",yes
"A,B","A,B",yes
"A,B","A,B",yes
"A,B","A,B",yes
"A,B","A,B",yes
"A,B","A,B",yes
"A,B","A,B",yes
"A,B","A,B",yes
"A,B","A,B",yes
"A,B","A,B",yes
"A,B","A,B",yes
"A,B","A,B",yes
"A,B","A,B",yes
"A,B","A,B",yes
"A,B","A,B",yes
